order_id,customer_name,product,quantity,price_per_unit,order_date,region,status
1001,Alice Johnson,Laptop,1,1200.00,2024-01-15,North,Completed
1002,Bob Smith,Mouse,5,25.00,2024-01-16,South,Completed
1003,Charlie Brown,Keyboard,3,75.00,2024-01-17,East,Pending
1004,Diana Prince,Monitor,2,350.00,2024-01-18,West,Completed
1005,Eve Wilson,Laptop,1,1200.00,2024-01-19,North,Cancelled
1006,Frank Miller,Headphones,4,120.00,2024-01-20,South,Completed
1007,Grace Lee,Keyboard,2,75.00,2024-01-21,East,Completed
1008,Henry Adams,Mouse,10,25.00,2024-01-22,West,Pending
1009,Iris Chen,Monitor,1,350.00,2024-01-23,North,Completed
1010,Jack Wilson,Laptop,2,1200.00,2024-01-24,South,Completed
1011,Karen Davis,Headphones,3,120.00,2024-01-25,East,Completed
1012,Leo White,Monitor,3,350.00,2024-01-26,West,Completed
